{"stats":{"minecraft:picked_up":{"minecraft:birch_log":2,"minecraft:rotten_flesh":1,"minecraft:leather":2,"minecraft:wheat_seeds":1,"minecraft:beef":2,"minecraft:grass":6,"iceandfire:rotten_egg":1,"minecraft:egg":2},"minecraft:custom":{"minecraft:time_since_rest":24294,"minecraft:sprint_one_cm":33974,"minecraft:play_time":24294,"minecraft:damage_taken":60,"minecraft:walk_one_cm":43271,"minecraft:sneak_time":128,"minecraft:mob_kills":1,"minecraft:drop":10,"minecraft:jump":193,"minecraft:damage_dealt":167,"minecraft:leave_game":3,"minecraft:time_since_death":24294,"minecraft:total_world_time":24294,"minecraft:fall_one_cm":1649,"minecraft:fly_one_cm":120439},"minecraft:used":{"minecraft:beef":1,"minecraft:grass_block":3,"minecraft:birch_log":2,"alexsmobs:animal_dictionary":1,"minecraft:egg":1},"minecraft:killed":{"minecraft:cow":1},"minecraft:dropped":{"minecraft:rotten_flesh":1,"minecraft:grass":7,"iceandfire:rotten_egg":1,"minecraft:egg":1},"minecraft:mined":{"minecraft:grass":11,"minecraft:birch_log":2}},"DataVersion":3465}