{"stats":{"minecraft:picked_up":{"minecraft:birch_log":2,"minecraft:beef":2,"minecraft:leather":2,"minecraft:wheat_seeds":1},"minecraft:custom":{"minecraft:time_since_rest":3695,"minecraft:damage_dealt":100,"minecraft:leave_game":1,"minecraft:sprint_one_cm":6771,"minecraft:play_time":3695,"minecraft:damage_taken":10,"minecraft:time_since_death":3695,"minecraft:walk_one_cm":6479,"minecraft:total_world_time":3695,"minecraft:mob_kills":1,"minecraft:fall_one_cm":1649,"minecraft:fly_one_cm":10250,"minecraft:jump":43},"minecraft:used":{"minecraft:birch_log":2,"minecraft:beef":1},"minecraft:killed":{"minecraft:cow":1},"minecraft:mined":{"minecraft:birch_log":2,"minecraft:grass":11}},"DataVersion":3465}