{"stats":{"minecraft:picked_up":{"minecraft:birch_log":2,"minecraft:beef":2,"minecraft:leather":2,"minecraft:wheat_seeds":1},"minecraft:custom":{"minecraft:jump":53,"minecraft:damage_dealt":127,"minecraft:leave_game":1,"minecraft:play_time":8428,"minecraft:sprint_one_cm":7204,"minecraft:damage_taken":60,"minecraft:time_since_death":8428,"minecraft:walk_one_cm":16153,"minecraft:total_world_time":8428,"minecraft:mob_kills":1,"minecraft:fall_one_cm":1649,"minecraft:fly_one_cm":29497,"minecraft:time_since_rest":8428},"minecraft:used":{"minecraft:birch_log":2,"alexsmobs:animal_dictionary":1,"minecraft:beef":1},"minecraft:killed":{"minecraft:cow":1},"minecraft:mined":{"minecraft:birch_log":2,"minecraft:grass":11}},"DataVersion":3465}