{"stats":{"minecraft:mined":{"minecraft:grass":13,"minecraft:grass_block":1,"minecraft:birch_log":2},"minecraft:picked_up":{"minecraft:birch_log":2,"minecraft:rotten_flesh":1,"minecraft:leather":2,"minecraft:wheat_seeds":1,"minecraft:beef":2,"minecraft:grass":6,"iceandfire:rotten_egg":1,"minecraft:dirt":1,"minecraft:egg":2},"minecraft:killed":{"minecraft:cow":1},"minecraft:dropped":{"minecraft:rotten_flesh":1,"minecraft:grass":7,"iceandfire:rotten_egg":1,"minecraft:egg":1},"minecraft:used":{"minecraft:dirt":1,"minecraft:beef":1,"minecraft:grass_block":3,"minecraft:birch_log":2,"alexsmobs:animal_dictionary":1,"minecraft:egg":1},"minecraft:custom":{"minecraft:time_since_rest":30013,"minecraft:sprint_one_cm":42389,"minecraft:play_time":30013,"minecraft:damage_taken":60,"minecraft:walk_one_cm":59083,"minecraft:sneak_time":128,"minecraft:mob_kills":1,"minecraft:drop":10,"minecraft:jump":235,"minecraft:damage_dealt":167,"minecraft:leave_game":5,"minecraft:time_since_death":30013,"minecraft:total_world_time":30013,"minecraft:fall_one_cm":3230,"minecraft:fly_one_cm":128969}},"DataVersion":3465}