{"stats":{"minecraft:picked_up":{"minecraft:birch_log":2,"minecraft:rotten_flesh":1,"minecraft:leather":2,"minecraft:wheat_seeds":1,"minecraft:beef":2,"iceandfire:rotten_egg":1,"minecraft:egg":1},"minecraft:custom":{"minecraft:time_since_rest":19690,"minecraft:sprint_one_cm":14059,"minecraft:play_time":19690,"minecraft:damage_taken":60,"minecraft:walk_one_cm":30818,"minecraft:sneak_time":128,"minecraft:mob_kills":1,"minecraft:drop":3,"minecraft:jump":82,"minecraft:damage_dealt":137,"minecraft:leave_game":2,"minecraft:time_since_death":19690,"minecraft:total_world_time":19690,"minecraft:fall_one_cm":1649,"minecraft:fly_one_cm":90598},"minecraft:used":{"minecraft:beef":1,"minecraft:birch_log":2,"alexsmobs:animal_dictionary":1},"minecraft:killed":{"minecraft:cow":1},"minecraft:dropped":{"minecraft:rotten_flesh":1,"iceandfire:rotten_egg":1,"minecraft:egg":1},"minecraft:mined":{"minecraft:grass":11,"minecraft:birch_log":2}},"DataVersion":3465}